[{"pk": 12, "model": "contenttypes.contenttype", "fields": {"model": "article", "name": "article", "app_label": "clipper"}}, {"pk": 13, "model": "contenttypes.contenttype", "fields": {"model": "clip", "name": "clip", "app_label": "clipper"}}, {"pk": 17, "model": "contenttypes.contenttype", "fields": {"model": "comment", "name": "comment", "app_label": "core"}}, {"pk": 19, "model": "contenttypes.contenttype", "fields": {"model": "commentrelation", "name": "comment relation", "app_label": "core"}}, {"pk": 20, "model": "contenttypes.contenttype", "fields": {"model": "commentresponse", "name": "comment response", "app_label": "core"}}, {"pk": 18, "model": "contenttypes.contenttype", "fields": {"model": "commenttype", "name": "comment type", "app_label": "core"}}, {"pk": 5, "model": "contenttypes.contenttype", "fields": {"model": "contenttype", "name": "content type", "app_label": "contenttypes"}}, {"pk": 2, "model": "contenttypes.contenttype", "fields": {"model": "group", "name": "group", "app_label": "auth"}}, {"pk": 8, "model": "contenttypes.contenttype", "fields": {"model": "logentry", "name": "log entry", "app_label": "admin"}}, {"pk": 4, "model": "contenttypes.contenttype", "fields": {"model": "message", "name": "message", "app_label": "auth"}}, {"pk": 9, "model": "contenttypes.contenttype", "fields": {"model": "migrationhistory", "name": "migration history", "app_label": "south"}}, {"pk": 14, "model": "contenttypes.contenttype", "fields": {"model": "newsorganization", "name": "news organization", "app_label": "clipper"}}, {"pk": 1, "model": "contenttypes.contenttype", "fields": {"model": "permission", "name": "permission", "app_label": "auth"}}, {"pk": 6, "model": "contenttypes.contenttype", "fields": {"model": "session", "name": "session", "app_label": "sessions"}}, {"pk": 7, "model": "contenttypes.contenttype", "fields": {"model": "site", "name": "site", "app_label": "sites"}}, {"pk": 15, "model": "contenttypes.contenttype", "fields": {"model": "summary", "name": "summary", "app_label": "core"}}, {"pk": 11, "model": "contenttypes.contenttype", "fields": {"model": "tag", "name": "tag", "app_label": "tagger"}}, {"pk": 16, "model": "contenttypes.contenttype", "fields": {"model": "topic", "name": "topic", "app_label": "core"}}, {"pk": 3, "model": "contenttypes.contenttype", "fields": {"model": "user", "name": "user", "app_label": "auth"}}, {"pk": 10, "model": "contenttypes.contenttype", "fields": {"model": "userprofile", "name": "user profile", "app_label": "users"}}, {"pk": "c4cd6312e3a51fce39a40a031c663fb2", "model": "sessions.session", "fields": {"expire_date": "2010-11-22 10:16:28", "session_data": "gAJ9cQEuYzE3YjBiYWZiMWM5ZTMzMDI3YzQxN2JjOWJmNDlhMDA=\n"}}, {"pk": "3ee185b2ddeb76b383de7b1c4a57becd", "model": "sessions.session", "fields": {"expire_date": "2010-11-22 10:16:30", "session_data": "gAJ9cQEuYzE3YjBiYWZiMWM5ZTMzMDI3YzQxN2JjOWJmNDlhMDA=\n"}}, {"pk": "29ac6d41dd8fcd499fe5c833fc271a92", "model": "sessions.session", "fields": {"expire_date": "2010-12-16 10:03:23", "session_data": "gAJ9cQEoVRJfYXV0aF91c2VyX2JhY2tlbmRxAlUpZGphbmdvLmNvbnRyaWIuYXV0aC5iYWNrZW5k\ncy5Nb2RlbEJhY2tlbmRxA1UNX2F1dGhfdXNlcl9pZHEESwF1LjZjZjRjODc2MmUyZGNhNGYzYWMz\nNTJjOTI5MDllMGM2\n"}}, {"pk": "6bc52f8f08ac99744ea338a728c9af91", "model": "sessions.session", "fields": {"expire_date": "2010-12-21 16:10:05", "session_data": "gAJ9cQEoVRJfYXV0aF91c2VyX2JhY2tlbmRxAlUpZGphbmdvLmNvbnRyaWIuYXV0aC5iYWNrZW5k\ncy5Nb2RlbEJhY2tlbmRxA1UNX2F1dGhfdXNlcl9pZHEESwV1LjdhMDg1NDQ1ZmFiNGM5MWI2Y2Zj\nOTQ1YjM3NzAxZTRm\n"}}, {"pk": "0fe2860cce446520d338a82e449f0bec", "model": "sessions.session", "fields": {"expire_date": "2010-11-24 14:53:53", "session_data": "gAJ9cQEuYzE3YjBiYWZiMWM5ZTMzMDI3YzQxN2JjOWJmNDlhMDA=\n"}}, {"pk": "4a90e431b06adf6c271c2ca8eca28074", "model": "sessions.session", "fields": {"expire_date": "2010-11-22 17:12:18", "session_data": "gAJ9cQEuYzE3YjBiYWZiMWM5ZTMzMDI3YzQxN2JjOWJmNDlhMDA=\n"}}, {"pk": "ad16296d768e975d9c9a5baadfcc8d26", "model": "sessions.session", "fields": {"expire_date": "2010-12-21 16:21:37", "session_data": "gAJ9cQEoVRJfYXV0aF91c2VyX2JhY2tlbmRxAlUpZGphbmdvLmNvbnRyaWIuYXV0aC5iYWNrZW5k\ncy5Nb2RlbEJhY2tlbmRxA1UNX2F1dGhfdXNlcl9pZHEESwF1LjZjZjRjODc2MmUyZGNhNGYzYWMz\nNTJjOTI5MDllMGM2\n"}}, {"pk": "6b021d3b89a433465237a265a70234d3", "model": "sessions.session", "fields": {"expire_date": "2010-11-22 23:20:10", "session_data": "gAJ9cQEoVRJfYXV0aF91c2VyX2JhY2tlbmRxAlUpZGphbmdvLmNvbnRyaWIuYXV0aC5iYWNrZW5k\ncy5Nb2RlbEJhY2tlbmRxA1UNX2F1dGhfdXNlcl9pZHEESwJ1LjcyMjVlYzVmODZmYTNmMDdiNmVl\nNDBjZGM4MzgyZGI5\n"}}, {"pk": "85ffe60bcad7d768c47f1beab2b38f3d", "model": "sessions.session", "fields": {"expire_date": "2010-11-22 23:30:30", "session_data": "gAJ9cQEoVRJfYXV0aF91c2VyX2JhY2tlbmRxAlUpZGphbmdvLmNvbnRyaWIuYXV0aC5iYWNrZW5k\ncy5Nb2RlbEJhY2tlbmRxA1UNX2F1dGhfdXNlcl9pZHEESwN1LjcxZmUyMDdhMDM1OTFjODk4ZDc4\nYzMyYjQ5MzMzYjNk\n"}}, {"pk": "181099c10fe362b242d12ff2ebfd462e", "model": "sessions.session", "fields": {"expire_date": "2010-12-21 17:58:16", "session_data": "gAJ9cQEoVRJfYXV0aF91c2VyX2JhY2tlbmRxAlUpZGphbmdvLmNvbnRyaWIuYXV0aC5iYWNrZW5k\ncy5Nb2RlbEJhY2tlbmRxA1UNX2F1dGhfdXNlcl9pZHEESwF1LjZjZjRjODc2MmUyZGNhNGYzYWMz\nNTJjOTI5MDllMGM2\n"}}, {"pk": "940311e2307cc6a840869ebcdd71f936", "model": "sessions.session", "fields": {"expire_date": "2010-11-24 19:29:45", "session_data": "gAJ9cQEoVRJfYXV0aF91c2VyX2JhY2tlbmRxAlUpZGphbmdvLmNvbnRyaWIuYXV0aC5iYWNrZW5k\ncy5Nb2RlbEJhY2tlbmRxA1UNX2F1dGhfdXNlcl9pZHEESwt1LjVkNThjMjk1NTYzYWZjNDZkODQy\nZDAyZDcxMGY3MDJh\n"}}, {"pk": "24c8123f7ef7a1ae68d61758cde0a474", "model": "sessions.session", "fields": {"expire_date": "2010-11-22 23:36:41", "session_data": "gAJ9cQEoVRJfYXV0aF91c2VyX2JhY2tlbmRxAlUpZGphbmdvLmNvbnRyaWIuYXV0aC5iYWNrZW5k\ncy5Nb2RlbEJhY2tlbmRxA1UNX2F1dGhfdXNlcl9pZHEESwR1LjU5ZWFhMDBkZWY3MjVhOWU4NDkz\nODA3YmUwZDcxMjEz\n"}}, {"pk": "80fa84677ad8605b5bd2eac7fba0a43c", "model": "sessions.session", "fields": {"expire_date": "2010-11-22 23:37:12", "session_data": "gAJ9cQEoVRJfYXV0aF91c2VyX2JhY2tlbmRxAlUpZGphbmdvLmNvbnRyaWIuYXV0aC5iYWNrZW5k\ncy5Nb2RlbEJhY2tlbmRxA1UNX2F1dGhfdXNlcl9pZHEESwN1LjcxZmUyMDdhMDM1OTFjODk4ZDc4\nYzMyYjQ5MzMzYjNk\n"}}, {"pk": "869f46497668fc04b3cf85299ade16a8", "model": "sessions.session", "fields": {"expire_date": "2010-11-22 23:38:24", "session_data": "gAJ9cQEoVRJfYXV0aF91c2VyX2JhY2tlbmRxAlUpZGphbmdvLmNvbnRyaWIuYXV0aC5iYWNrZW5k\ncy5Nb2RlbEJhY2tlbmRxA1UNX2F1dGhfdXNlcl9pZHEESwF1LjZjZjRjODc2MmUyZGNhNGYzYWMz\nNTJjOTI5MDllMGM2\n"}}, {"pk": "e96a91c39ec09028fd9f1cdd9ad4a56f", "model": "sessions.session", "fields": {"expire_date": "2010-12-21 18:10:10", "session_data": "gAJ9cQEoVRJfYXV0aF91c2VyX2JhY2tlbmRxAlUpZGphbmdvLmNvbnRyaWIuYXV0aC5iYWNrZW5k\ncy5Nb2RlbEJhY2tlbmRxA1UNX2F1dGhfdXNlcl9pZHEESyV1LmM5MGM1MzgzMGJhYTFkMWQzZjk3\nNmIyNjg0ZDdlOTMz\n"}}, {"pk": "88c2a2e2ac090396bae94f1bced00d5c", "model": "sessions.session", "fields": {"expire_date": "2010-11-23 10:22:48", "session_data": "gAJ9cQEoVRJfYXV0aF91c2VyX2JhY2tlbmRxAlUpZGphbmdvLmNvbnRyaWIuYXV0aC5iYWNrZW5k\ncy5Nb2RlbEJhY2tlbmRxA1UNX2F1dGhfdXNlcl9pZHEESwF1LjZjZjRjODc2MmUyZGNhNGYzYWMz\nNTJjOTI5MDllMGM2\n"}}, {"pk": "f1aaa43b8bff5bc5a518851345712d26", "model": "sessions.session", "fields": {"expire_date": "2010-11-22 23:38:44", "session_data": "gAJ9cQEuYzE3YjBiYWZiMWM5ZTMzMDI3YzQxN2JjOWJmNDlhMDA=\n"}}, {"pk": "aa417b40eba452f983786417c0cbf23f", "model": "sessions.session", "fields": {"expire_date": "2010-11-22 23:50:46", "session_data": "gAJ9cQEuYzE3YjBiYWZiMWM5ZTMzMDI3YzQxN2JjOWJmNDlhMDA=\n"}}, {"pk": "28ed7c524958f6a28bff7c83664ae504", "model": "sessions.session", "fields": {"expire_date": "2010-11-23 09:34:54", "session_data": "gAJ9cQEoVRJfYXV0aF91c2VyX2JhY2tlbmRxAlUpZGphbmdvLmNvbnRyaWIuYXV0aC5iYWNrZW5k\ncy5Nb2RlbEJhY2tlbmRxA1UNX2F1dGhfdXNlcl9pZHEESwF1LjZjZjRjODc2MmUyZGNhNGYzYWMz\nNTJjOTI5MDllMGM2\n"}}, {"pk": "3e1b50028296f2a7f643b587ae8c28f0", "model": "sessions.session", "fields": {"expire_date": "2010-11-23 10:44:12", "session_data": "gAJ9cQEoVRJfYXV0aF91c2VyX2JhY2tlbmRxAlUpZGphbmdvLmNvbnRyaWIuYXV0aC5iYWNrZW5k\ncy5Nb2RlbEJhY2tlbmRxA1UNX2F1dGhfdXNlcl9pZHEESwV1LjdhMDg1NDQ1ZmFiNGM5MWI2Y2Zj\nOTQ1YjM3NzAxZTRm\n"}}, {"pk": "f331ba655a1433a920a52d970a492dfa", "model": "sessions.session", "fields": {"expire_date": "2010-11-30 09:50:57", "session_data": "gAJ9cQEoVRJfYXV0aF91c2VyX2JhY2tlbmRxAlUpZGphbmdvLmNvbnRyaWIuYXV0aC5iYWNrZW5k\ncy5Nb2RlbEJhY2tlbmRxA1UNX2F1dGhfdXNlcl9pZHEESw51LjQ2ZTRjMmQ4ZDk4NmZiYTcxNjY2\nZjkwOThlOWRmOTc5\n"}}, {"pk": "f542674e223e2db366e56fb2fe7e2631", "model": "sessions.session", "fields": {"expire_date": "2010-11-24 11:57:35", "session_data": "gAJ9cQEoVRJfYXV0aF91c2VyX2JhY2tlbmRxAlUpZGphbmdvLmNvbnRyaWIuYXV0aC5iYWNrZW5k\ncy5Nb2RlbEJhY2tlbmRxA1UNX2F1dGhfdXNlcl9pZHEESwt1LjVkNThjMjk1NTYzYWZjNDZkODQy\nZDAyZDcxMGY3MDJh\n"}}, {"pk": "e2aab32b12150dc9cea8c1ad5a667b0d", "model": "sessions.session", "fields": {"expire_date": "2010-12-03 14:22:40", "session_data": "gAJ9cQEoVRJfYXV0aF91c2VyX2JhY2tlbmRxAlUpZGphbmdvLmNvbnRyaWIuYXV0aC5iYWNrZW5k\ncy5Nb2RlbEJhY2tlbmRxA1UNX2F1dGhfdXNlcl9pZHEESxN1LjYyNjU0OTBjZGMwNWYzNzM2Nzcy\nOWFkMzI4Mjc4MDNk\n"}}, {"pk": "f4275a23b0cad63b72c47e893cd64189", "model": "sessions.session", "fields": {"expire_date": "2010-11-24 13:31:31", "session_data": "gAJ9cQEoVRJfYXV0aF91c2VyX2JhY2tlbmRxAlUpZGphbmdvLmNvbnRyaWIuYXV0aC5iYWNrZW5k\ncy5Nb2RlbEJhY2tlbmRxA1UNX2F1dGhfdXNlcl9pZHEESwt1LjVkNThjMjk1NTYzYWZjNDZkODQy\nZDAyZDcxMGY3MDJh\n"}}, {"pk": "a0cc9f48c4cba3e7fa944882f1067d4f", "model": "sessions.session", "fields": {"expire_date": "2010-12-02 00:20:10", "session_data": "gAJ9cQEoVRJfYXV0aF91c2VyX2JhY2tlbmRxAlUpZGphbmdvLmNvbnRyaWIuYXV0aC5iYWNrZW5k\ncy5Nb2RlbEJhY2tlbmRxA1UNX2F1dGhfdXNlcl9pZHEESwV1LjdhMDg1NDQ1ZmFiNGM5MWI2Y2Zj\nOTQ1YjM3NzAxZTRm\n"}}, {"pk": "a0e58b2ea0578f874ccfc08a13731bc9", "model": "sessions.session", "fields": {"expire_date": "2010-12-02 09:52:22", "session_data": "gAJ9cQEoVRJfYXV0aF91c2VyX2JhY2tlbmRxAlUpZGphbmdvLmNvbnRyaWIuYXV0aC5iYWNrZW5k\ncy5Nb2RlbEJhY2tlbmRxA1UNX2F1dGhfdXNlcl9pZHEESw91LjEzYjdjNzFmMGMxMjI0YzhjZTE0\nOTNjYTM2MDhiN2Zi\n"}}, {"pk": "baf4fd2e6bd9e2ebc29af9bd565b8a88", "model": "sessions.session", "fields": {"expire_date": "2010-12-02 17:47:48", "session_data": "gAJ9cQEuYzE3YjBiYWZiMWM5ZTMzMDI3YzQxN2JjOWJmNDlhMDA=\n"}}, {"pk": "16a1be5b53737bd0bddd40d595885213", "model": "sessions.session", "fields": {"expire_date": "2010-12-03 14:59:22", "session_data": "gAJ9cQEoVRJfYXV0aF91c2VyX2JhY2tlbmRxAlUpZGphbmdvLmNvbnRyaWIuYXV0aC5iYWNrZW5k\ncy5Nb2RlbEJhY2tlbmRxA1UNX2F1dGhfdXNlcl9pZHEESyJ1LjViMmEwZWMwNzcxYTkxODJmNGUx\nN2I1YTE0MDUyZmVl\n"}}, {"pk": "df8bffea18e2298ba3aa42e39ba02fac", "model": "sessions.session", "fields": {"expire_date": "2010-12-03 14:52:09", "session_data": "gAJ9cQEoVRJfYXV0aF91c2VyX2JhY2tlbmRxAlUpZGphbmdvLmNvbnRyaWIuYXV0aC5iYWNrZW5k\ncy5Nb2RlbEJhY2tlbmRxA1UNX2F1dGhfdXNlcl9pZHEESxZ1LjVjOTI1ODNlYzQyNTI0OTJhNjZm\nMDg5MWFjNjE4NTVm\n"}}, {"pk": "609d712565ab40a987a65245e924235f", "model": "sessions.session", "fields": {"expire_date": "2010-12-03 14:55:51", "session_data": "gAJ9cQEuYzE3YjBiYWZiMWM5ZTMzMDI3YzQxN2JjOWJmNDlhMDA=\n"}}, {"pk": 1, "model": "sites.site", "fields": {"domain": "example.com", "name": "example.com"}}, {"pk": 13, "model": "admin.logentry", "fields": {"action_flag": 2, "action_time": "2010-12-07 16:25:31", "object_repr": "Council Discusses Relations With Northwestern University - Evanston RoundTable", "object_id": "8", "change_message": "Changed title, date_published and tags.", "user": 1, "content_type": 12}}, {"pk": 12, "model": "admin.logentry", "fields": {"action_flag": 2, "action_time": "2010-12-07 16:24:45", "object_repr": "Northwestern Volunteers Help Bridge Town-Gown Relations", "object_id": "6", "change_message": "Changed title, date_published and tags.", "user": 1, "content_type": 12}}, {"pk": 11, "model": "admin.logentry", "fields": {"action_flag": 2, "action_time": "2010-12-07 16:23:59", "object_repr": "Northwestern Boosts Evanston Economy by $145 M", "object_id": "4", "change_message": "Changed title, date_published and tags.", "user": 1, "content_type": 12}}, {"pk": 10, "model": "admin.logentry", "fields": {"action_flag": 1, "action_time": "2010-12-07 16:23:56", "object_repr": "Northwestern", "object_id": "1", "change_message": "", "user": 1, "content_type": 11}}, {"pk": 9, "model": "admin.logentry", "fields": {"action_flag": 2, "action_time": "2010-11-09 14:18:54", "object_repr": "Taxes and Town/Gown Relations", "object_id": "1", "change_message": "Changed title.", "user": 1, "content_type": 16}}, {"pk": 8, "model": "admin.logentry", "fields": {"action_flag": 2, "action_time": "2010-11-09 14:18:18", "object_repr": "Taxes and Town/Gown Relations in Evanston", "object_id": "1", "change_message": "Changed title.", "user": 1, "content_type": 16}}, {"pk": 7, "model": "admin.logentry", "fields": {"action_flag": 1, "action_time": "2010-11-09 09:41:44", "object_repr": "Question", "object_id": "3", "change_message": "", "user": 1, "content_type": 18}}, {"pk": 6, "model": "admin.logentry", "fields": {"action_flag": 1, "action_time": "2010-11-09 09:41:39", "object_repr": "Concern", "object_id": "2", "change_message": "", "user": 1, "content_type": 18}}, {"pk": 5, "model": "admin.logentry", "fields": {"action_flag": 1, "action_time": "2010-11-09 09:41:33", "object_repr": "Reply", "object_id": "1", "change_message": "", "user": 1, "content_type": 18}}, {"pk": 4, "model": "admin.logentry", "fields": {"action_flag": 1, "action_time": "2010-11-08 23:28:05", "object_repr": "shaneshi", "object_id": "3", "change_message": "", "user": 2, "content_type": 3}}, {"pk": 3, "model": "admin.logentry", "fields": {"action_flag": 1, "action_time": "2010-11-08 23:21:53", "object_repr": "test topic", "object_id": "1", "change_message": "", "user": 2, "content_type": 16}}, {"pk": 2, "model": "admin.logentry", "fields": {"action_flag": 1, "action_time": "2010-11-08 23:21:50", "object_repr": "test summary", "object_id": "1", "change_message": "", "user": 2, "content_type": 15}}, {"pk": 1, "model": "admin.logentry", "fields": {"action_flag": 1, "action_time": "2010-11-08 10:29:50", "object_repr": "admin", "object_id": "1", "change_message": "", "user": 1, "content_type": 10}}, {"pk": 1, "model": "core.summary", "fields": {"text": "test summary", "date_created": "2010-11-08 23:21:50"}}, {"pk": 2, "model": "core.summary", "fields": {"text": "<p>\n<p><span style=\"font-family: &quot;Calibri&quot;,&quot;sans-serif&quot;; mso-ascii-theme-font: minor-latin; mso-hansi-theme-font: minor-latin; mso-bidi-theme-font: minor-latin; color: black;\">Relations between Evanston and Northwestern are notoriously strained, whether because of student partying incidents over Halloween or because of the more festering issue: property taxes. Whenever the Evanston city clerk announces the new property tax rate for the coming year, tensions can be expected to flare up between the community and university. But tempers may cool down this year after the clerk&rsquo;s announcement Monday that the new rate will drop to 6.136 from 6.485 the previous year, a 5 percent decline.</span></p>\n<p><span style=\"font-family: &quot;Calibri&quot;,&quot;sans-serif&quot;; mso-ascii-theme-font: minor-latin; mso-hansi-theme-font: minor-latin; mso-bidi-theme-font: minor-latin; color: black;\">Some residents blame Northwestern for adding to their tax burden, since the university&rsquo;s charter exempts its 250 acres of lakefront property from property tax base. Many also complain that the university doesn&rsquo;t pay its fair share for city services. But Northwestern cites the economic activity its students bring to local businesses as a counterweight to these claims, as well as to property sales tax from when the university sells property back to private owners.<span style=\"mso-spacerun: yes;\">&nbsp;&nbsp;</span></span></p>\n</p>", "date_created": "2010-11-09 09:25:02"}}, {"pk": 3, "model": "core.summary", "fields": {"text": "<p>&nbsp;</p>\n<p><span style=\"font-family: &quot;Calibri&quot;,&quot;sans-serif&quot;; mso-ascii-theme-font: minor-latin; mso-hansi-theme-font: minor-latin; mso-bidi-theme-font: minor-latin; color: black;\">Relations between Evanston and Northwestern are notoriously strained, whether because of student partying incidents over Halloween or because of the more festering issue: property taxes. Whenever the Evanston city clerk announces the new property tax rate for the coming year, tensions can be expected to flare up between the community and university. But tempers may cool down this year after the clerk&rsquo;s announcement Monday that the new rate will drop to 6.136 from 6.485 the previous year, a 5 percent decline.</span></p>\n<p><span style=\"font-family: &quot;Calibri&quot;,&quot;sans-serif&quot;; mso-ascii-theme-font: minor-latin; mso-hansi-theme-font: minor-latin; mso-bidi-theme-font: minor-latin; color: black;\">Some residents blame Northwestern for adding to their tax burden, since the university&rsquo;s charter exempts its 250 acres of lakefront property from property tax base. Many also complain that the university doesn&rsquo;t pay its fair share for city services. But Northwestern cites the economic activity its students bring to local businesses as a counterweight to these claims, as well as to property sales tax from when the university sells property back to private owners.<span style=\"mso-spacerun: yes;\">&nbsp;&nbsp;</span></span></p>\n<p>&nbsp;</p>", "date_created": "2010-11-09 09:31:43"}}, {"pk": 4, "model": "core.summary", "fields": {"text": "<p>&nbsp;</p>\n<p><span style=\"font-family: &quot;Calibri&quot;,&quot;sans-serif&quot;; mso-ascii-theme-font: minor-latin; mso-hansi-theme-font: minor-latin; mso-bidi-theme-font: minor-latin; color: black;\">Relations between Evanston and Northwestern are notoriously strained, whether because of <a href=\"http://evanston.patch.com/articles/northwestern-students-meet-to-address-town-vs-gown-issues\" target=\"_blank\">student partying incidents </a>over Halloween or because of the more festering issue: property taxes. Whenever the Evanston city clerk announces the new property tax rate for the coming year, tensions can be expected to<a href=\"http://evanstonnow.com/story/news/bill-smith/2009-10-27/assessor-property-tax-bills-up-82\" target=\"_blank\"> flare up</a>&nbsp;(read: comments) between the community and university. But tempers may cool down this year after the <a href=\"http://evanstonnow.com/story/news/bill-smith/2010-11-08/clerk-unveils-property-tax-rates\" target=\"_blank\">clerk&rsquo;s announcement Monday</a> that the new rate will drop to 6.136 from 6.485 the previous year, a 5 percent decline.</span></p>\n<p><span style=\"font-family: &quot;Calibri&quot;,&quot;sans-serif&quot;; mso-ascii-theme-font: minor-latin; mso-hansi-theme-font: minor-latin; mso-bidi-theme-font: minor-latin; color: black;\"><a href=\"http://www.raymondcommunity-evanston.com/news/tribune_9_04.htm\" target=\"_blank\">As documented by the Chicago Tribune</a>, some residents blame Northwestern for adding to their tax burden, since the university is exempt from paying taxes on its 250 acres of lakefront property. Northwestern has also been expanding westward, which increase the tax-exempt property in the community. But Northwestern cites the economic activity its students bring to local businesses as a counterweight to these claims.</span></p>", "date_created": "2010-11-09 10:39:07"}}, {"pk": 5, "model": "core.summary", "fields": {"text": "<p>&nbsp;</p>\n<p><span style=\"font-family: &quot;Calibri&quot;,&quot;sans-serif&quot;; mso-ascii-theme-font: minor-latin; mso-hansi-theme-font: minor-latin; mso-bidi-theme-font: minor-latin; color: black;\">Relations between Evanston and Northwestern are notoriously strained, whether because of <a href=\"http://evanston.patch.com/articles/northwestern-students-meet-to-address-town-vs-gown-issues\" target=\"_blank\">student partying incidents </a>over Halloween or because of the more festering issue: property taxes. Whenever the Evanston city clerk announces the new property tax rate for the coming year, tensions can be expected to<a href=\"http://evanstonnow.com/story/news/bill-smith/2009-10-27/assessor-property-tax-bills-up-82\" target=\"_blank\"> flare up</a>&nbsp;(read: comments) between the community and university. But tempers may cool down this year after the <a href=\"http://evanstonnow.com/story/news/bill-smith/2010-11-08/clerk-unveils-property-tax-rates\" target=\"_blank\">clerk&rsquo;s announcement Monday</a> that the new rate will drop to 6.136 from 6.485 the previous year, a 5 percent decline.</span></p>\n<p><span style=\"font-family: &quot;Calibri&quot;,&quot;sans-serif&quot;; mso-ascii-theme-font: minor-latin; mso-hansi-theme-font: minor-latin; mso-bidi-theme-font: minor-latin; color: black;\"><a href=\"http://articles.chicagotribune.com/2004-07-11/features/0407110504_1_new-condo-neighborhoods-nuclear-free\" target=\"_blank\">As documented by the Chicago Tribune,</a> some residents blame Northwestern for adding to their tax burden, since the university is exempt from paying taxes on its 250 acres of lakefront property. Northwestern has also been expanding westward, which increase the tax-exempt property in the community. But Northwestern cites the economic activity its students bring to local businesses as a counterweight to these claims.</span></p>", "date_created": "2010-11-09 10:54:24"}}, {"pk": 6, "model": "core.summary", "fields": {"text": "<p>&nbsp;</p>\n<p><span style=\"font-family: &quot;Calibri&quot;,&quot;sans-serif&quot;; mso-ascii-theme-font: minor-latin; mso-hansi-theme-font: minor-latin; mso-bidi-theme-font: minor-latin; color: black;\">Relations between Evanston and Northwestern are notoriously strained, whether because of <a href=\"http://evanston.patch.com/articles/northwestern-students-meet-to-address-town-vs-gown-issues\" target=\"_blank\">student partying incidents </a>over Halloween or because of the more festering issue: property taxes. Whenever the Evanston city clerk announces the new property tax rate for the coming year, tensions can be expected to<a href=\"http://evanstonnow.com/story/news/bill-smith/2009-10-27/assessor-property-tax-bills-up-82\" target=\"_blank\"> flare up</a>&nbsp;(read: comments) between the community and university. But tempers may cool down this year after the <a href=\"http://evanstonnow.com/story/news/bill-smith/2010-11-08/clerk-unveils-property-tax-rates\" target=\"_blank\">clerk&rsquo;s announcement Monday</a> that the new property tax rate will drop to 6.136 from 6.485 the previous year, a 5 percent decline.</span></p>\n<p><span style=\"font-family: &quot;Calibri&quot;,&quot;sans-serif&quot;; mso-ascii-theme-font: minor-latin; mso-hansi-theme-font: minor-latin; mso-bidi-theme-font: minor-latin; color: black;\"><a href=\"http://articles.chicagotribune.com/2004-07-11/features/0407110504_1_new-condo-neighborhoods-nuclear-free\" target=\"_blank\">As documented by the Chicago Tribune,</a> some residents blame Northwestern for adding to their tax burden, since the university is exempt from paying taxes on its 250 acres of lakefront property. Northwestern has also been expanding westward, which increase the tax-exempt property in the community. But Northwestern cites the economic activity its students bring to local businesses as a counterweight to these claims.</span></p>", "date_created": "2010-11-09 11:27:03"}}, {"pk": 7, "model": "core.summary", "fields": {"text": "<p>&nbsp;</p>\n<p><span style=\"font-family: &quot;Calibri&quot;,&quot;sans-serif&quot;; mso-ascii-theme-font: minor-latin; mso-hansi-theme-font: minor-latin; mso-bidi-theme-font: minor-latin; color: black;\">Relations between Evanston and Northwestern are notoriously strained. There are many reasons for this, the most recent because of&nbsp;<a href=\"http://evanston.patch.com/articles/northwestern-students-meet-to-address-town-vs-gown-issues\" target=\"_blank\">student partying&nbsp;</a>over Halloween. </span></p>\n<p><span style=\"font-family: &quot;Calibri&quot;,&quot;sans-serif&quot;; mso-ascii-theme-font: minor-latin; mso-hansi-theme-font: minor-latin; mso-bidi-theme-font: minor-latin; color: black;\">Another festering issue is property taxes.</span><span style=\"font-family: Calibri, sans-serif;\">Whenever the Evanston city clerk announces the new property tax rate for the coming year, tensions can be expected to<a href=\"http://evanstonnow.com/story/news/bill-smith/2009-10-27/assessor-property-tax-bills-up-82\" target=\"_blank\"> flare up</a>&nbsp;(read: comments) between the community and university. But tempers may cool down this year after the <a href=\"http://evanstonnow.com/story/news/bill-smith/2010-11-08/clerk-unveils-property-tax-rates\" target=\"_blank\">clerk&rsquo;s announcement Monday</a> that the new property tax rate will drop to 6.136 from 6.485 the previous year, a 5 percent decline.</span></p>\n<p><span style=\"font-family: &quot;Calibri&quot;,&quot;sans-serif&quot;; mso-ascii-theme-font: minor-latin; mso-hansi-theme-font: minor-latin; mso-bidi-theme-font: minor-latin; color: black;\"><a href=\"http://articles.chicagotribune.com/2004-07-11/features/0407110504_1_new-condo-neighborhoods-nuclear-free\" target=\"_blank\">As documented by the Chicago Tribune,</a> some residents blame Northwestern for adding to their tax burden, since the university is exempt from paying taxes on its 250 acres of lakefront property. Northwestern has also been expanding westward, which increase the tax-exempt property in the community. But Northwestern cites the economic activity its students bring to local businesses as a counterweight to these claims.</span></p>", "date_created": "2010-11-10 12:51:39"}}, {"pk": 8, "model": "core.summary", "fields": {"text": "<p>&nbsp;</p>\n<p><span style=\"font-family: &quot;Calibri&quot;,&quot;sans-serif&quot;; mso-ascii-theme-font: minor-latin; mso-hansi-theme-font: minor-latin; mso-bidi-theme-font: minor-latin; color: black;\">Relations between Evanston and Northwestern are notoriously strained. There are many reasons for this, the most recent being&nbsp;<a href=\"http://evanston.patch.com/articles/northwestern-students-meet-to-address-town-vs-gown-issues\" target=\"_blank\">student partying&nbsp;</a>over Halloween. </span></p>\n<p><span style=\"font-family: &quot;Calibri&quot;,&quot;sans-serif&quot;; mso-ascii-theme-font: minor-latin; mso-hansi-theme-font: minor-latin; mso-bidi-theme-font: minor-latin; color: black;\">Another festering issue is property taxes.</span><span style=\"font-family: Calibri, sans-serif;\">Whenever the Evanston city clerk announces the new property tax rate for the coming year, tensions can be expected to<a href=\"http://evanstonnow.com/story/news/bill-smith/2009-10-27/assessor-property-tax-bills-up-82\" target=\"_blank\"> flare up</a>&nbsp;(read: comments) between the community and university. But tempers may cool down this year after the <a href=\"http://evanstonnow.com/story/news/bill-smith/2010-11-08/clerk-unveils-property-tax-rates\" target=\"_blank\">clerk&rsquo;s announcement Monday</a> that the new property tax rate will drop to 6.136 from 6.485 the previous year, a 5 percent decline.</span></p>\n<p><span style=\"font-family: &quot;Calibri&quot;,&quot;sans-serif&quot;; mso-ascii-theme-font: minor-latin; mso-hansi-theme-font: minor-latin; mso-bidi-theme-font: minor-latin; color: black;\"><a href=\"http://articles.chicagotribune.com/2004-07-11/features/0407110504_1_new-condo-neighborhoods-nuclear-free\" target=\"_blank\">As documented by the Chicago Tribune,</a> some residents blame Northwestern for adding to their tax burden, since the university is exempt from paying taxes on its 250 acres of lakefront property. Northwestern has also been expanding westward, which increase the tax-exempt property in the community. But Northwestern cites the economic activity its students bring to local businesses as a counterweight to these claims.</span></p>", "date_created": "2010-11-10 12:52:04"}}, {"pk": 9, "model": "core.summary", "fields": {"text": "<p>Relations between Evanston and Northwestern University are defined by the university's tax-exempt status, the cultural and economic contributions the university makes and the behavior of Northwestern students in Evanston.</p>\n<ul>\n<li><strong>Northwestern is exempt from paying property taxes </strong>on its 250 acres of prime lakefront property<strong>.&nbsp;</strong>Some residents<span style=\"font-family: Calibri, sans-serif;\"><a href=\"http://articles.chicagotribune.com/2004-07-11/features/0407110504_1_new-condo-neighborhoods-nuclear-free\" target=\"_blank\">,</a>&nbsp;the Chicago Tribune's <a href=\"http://articles.chicagotribune.com/2004-07-11/features/0407110504_1_new-condo-neighborhoods-nuclear-free\">reported</a>,&nbsp;&nbsp;see this as placing an unfair burden on other taxpayers.&nbsp;</span><span style=\"font-family: Calibri, sans-serif;\">But tempers may cool down this year after the&nbsp;<a href=\"http://evanstonnow.com/story/news/bill-smith/2010-11-08/clerk-unveils-property-tax-rates\" target=\"_blank\">clerk&rsquo;s announcement Monday</a>&nbsp;that the new property tax rate will drop to 6.136 from 6.485 the previous year, a 5 percent decline.</span></li>\n</ul>\n<ul>\n<li><strong>Northwestern employs Evanstonians, and students and staff spend money in town.</strong></li>\n<li><strong>Many Northwestern cultural events are open to the public at large.</strong>&nbsp;The university maintains an online <a href=\"http://planitpurple.northwestern.edu/\">calendar</a> of events.</li>\n<li><strong>Northwestern students have often been cited for lewd and inconsiderate behavior. </strong>Most recently, Evanston residents complained about noise and public urination by p<a href=\"http://evanston.patch.com/articles/northwestern-students-meet-to-address-town-vs-gown-issues\">artying students</a>, and the university felt the need to caution its students not to dress in blackface on Halloween.</li>\n</ul>\n<p><span style=\"font-family: Calibri, sans-serif;\"><br /></span></p>", "date_created": "2010-12-02 12:22:03"}}, {"pk": 10, "model": "core.summary", "fields": {"text": "<p>Relations between Evanston and Northwestern University are defined by the university's tax-exempt status, the cultural and economic contributions the university makes and the behavior of Northwestern students in Evanston.</p>\n<p>&nbsp;</p>\n<ul>\n<li><strong>Northwestern is exempt from paying property taxes </strong>on its 250 acres of prime lakefront property<strong>.&nbsp;</strong>Some residents<span style=\"font-family: Calibri, sans-serif;\"><a href=\"http://articles.chicagotribune.com/2004-07-11/features/0407110504_1_new-condo-neighborhoods-nuclear-free\" target=\"_blank\">,</a>&nbsp;the Chicago Tribune's <a href=\"http://articles.chicagotribune.com/2004-07-11/features/0407110504_1_new-condo-neighborhoods-nuclear-free\">reported</a>,&nbsp;&nbsp;see this as placing an unfair burden on other taxpayers.&nbsp;</span><span style=\"font-family: Calibri, sans-serif;\">But tempers may cool down this year after the&nbsp;<a href=\"http://evanstonnow.com/story/news/bill-smith/2010-11-08/clerk-unveils-property-tax-rates\" target=\"_blank\">clerk&rsquo;s announcement Monday</a>&nbsp;that the new property tax rate will drop to 6.136 from 6.485 the previous year, a 5 percent decline.</span></li>\n</ul>\n<ul>\n<li><strong>Northwestern employs Evanstonians, and students and staff spend money in town.</strong></li>\n</ul>\n<p><strong><br /></strong></p>\n<ul>\n<li><strong>Many Northwestern cultural events are open to the public at large.</strong>&nbsp;The university maintains an online <a href=\"http://planitpurple.northwestern.edu/\">calendar</a> of events.</li>\n</ul>\n<p>&nbsp;</p>\n<ul>\n<li><strong>Northwestern students have often been cited for lewd and inconsiderate behavior. </strong>Most recently, Evanston residents complained about noise and public urination by p<a href=\"http://evanston.patch.com/articles/northwestern-students-meet-to-address-town-vs-gown-issues\">artying students</a>, and the university felt the need to caution its students not to dress in blackface on Halloween.</li>\n</ul>\n<p><span style=\"font-family: Calibri, sans-serif;\"><br /></span></p>", "date_created": "2010-12-02 12:22:28"}}, {"pk": 11, "model": "core.summary", "fields": {"text": "<p>Relations between Evanston and Northwestern University are defined by the university's tax-exempt status, the cultural and economic contributions the university makes and the behavior of Northwestern students in Evanston.</p>\n<p>&nbsp;</p>\n<ul>\n<li><strong>Northwestern is exempt from paying property taxes </strong>on its 250 acres of prime lakefront property<strong>.&nbsp;</strong>Some residents<span style=\"font-family: Calibri, sans-serif;\"><a href=\"http://articles.chicagotribune.com/2004-07-11/features/0407110504_1_new-condo-neighborhoods-nuclear-free\" target=\"_blank\">,</a>&nbsp;the Chicago Tribune's <a href=\"http://articles.chicagotribune.com/2004-07-11/features/0407110504_1_new-condo-neighborhoods-nuclear-free\">reported</a>,&nbsp;&nbsp;see this as placing an unfair burden on other taxpayers.&nbsp;</span><span style=\"font-family: Calibri, sans-serif;\">But tempers may cool down this year after the&nbsp;<a href=\"http://evanstonnow.com/story/news/bill-smith/2010-11-08/clerk-unveils-property-tax-rates\" target=\"_blank\">clerk&rsquo;s announcement Monday</a>&nbsp;that the new property tax rate will drop to 6.136 from 6.485 the previous year, a 5 percent decline.</span></li>\n</ul>\n<p><span style=\"font-family: Calibri, sans-serif;\"><br /></span></p>\n<ul>\n</ul>\n<ul>\n<li><strong>Northwestern employs Evanstonians, and students and staff spend money in town.</strong></li>\n</ul>\n<p><strong><br /></strong></p>\n<ul>\n<li><strong>Many Northwestern cultural events are open to the public at large.</strong>&nbsp;The university maintains an online <a href=\"http://planitpurple.northwestern.edu/\">calendar</a> of events.</li>\n</ul>\n<p>&nbsp;</p>\n<ul>\n<li><strong>Northwestern students have often been cited for lewd and inconsiderate behavior. </strong>Most recently, Evanston residents complained about noise and public urination by p<a href=\"http://evanston.patch.com/articles/northwestern-students-meet-to-address-town-vs-gown-issues\">artying students</a>, and the university felt the need to caution its students not to dress in blackface on Halloween.</li>\n</ul>\n<p><span style=\"font-family: Calibri, sans-serif;\"><br /></span></p>", "date_created": "2010-12-02 12:22:46"}}, {"pk": 1, "model": "core.topic", "fields": {"articles": [], "is_deleted": false, "curators": [1], "title": "Taxes and Town/Gown Relations", "topic_tags": [], "summary": 11, "date_created": "2010-11-08 23:21:53", "slug": "test-topic"}}, {"pk": 1, "model": "core.commenttype", "fields": {"name": "Reply"}}, {"pk": 2, "model": "core.commenttype", "fields": {"name": "Concern"}}, {"pk": 3, "model": "core.commenttype", "fields": {"name": "Question"}}, {"pk": 1, "model": "core.commentrelation", "fields": {"left_comment": 8, "right_comment": 3, "relation_type": "reply"}}, {"pk": 2, "model": "core.commentrelation", "fields": {"left_comment": 9, "right_comment": 3, "relation_type": "reply"}}, {"pk": 3, "model": "core.commentrelation", "fields": {"left_comment": 10, "right_comment": 6, "relation_type": "reply"}}, {"pk": 4, "model": "core.commentrelation", "fields": {"left_comment": 11, "right_comment": 6, "relation_type": "reply"}}, {"pk": 5, "model": "core.commentrelation", "fields": {"left_comment": 13, "right_comment": 7, "relation_type": "reply"}}, {"pk": 6, "model": "core.commentrelation", "fields": {"left_comment": 14, "right_comment": 12, "relation_type": "reply"}}, {"pk": 1, "model": "core.commentresponse", "fields": {"comment": 7, "type": "concur", "user": 5, "created": "2010-11-09 11:35:05"}}, {"pk": 2, "model": "core.commentresponse", "fields": {"comment": 8, "type": "concur", "user": 7, "created": "2010-11-09 14:13:09"}}, {"pk": 3, "model": "core.commentresponse", "fields": {"comment": 3, "type": "concur", "user": 7, "created": "2010-11-09 14:19:59"}}, {"pk": 4, "model": "core.commentresponse", "fields": {"comment": 6, "type": "concur", "user": 7, "created": "2010-11-09 14:23:49"}}, {"pk": 5, "model": "core.commentresponse", "fields": {"comment": 3, "type": "concur", "user": 8, "created": "2010-11-10 11:43:55"}}, {"pk": 6, "model": "core.commentresponse", "fields": {"comment": 9, "type": "concur", "user": 8, "created": "2010-11-10 11:44:04"}}, {"pk": 7, "model": "core.commentresponse", "fields": {"comment": 9, "type": "concur", "user": 5, "created": "2010-11-16 09:47:59"}}, {"pk": 8, "model": "core.commentresponse", "fields": {"comment": 3, "type": "concur", "user": 5, "created": "2010-11-16 09:48:01"}}, {"pk": 9, "model": "core.commentresponse", "fields": {"comment": 6, "type": "concur", "user": 5, "created": "2010-11-18 09:36:42"}}, {"pk": 10, "model": "core.commentresponse", "fields": {"comment": 9, "type": "concur", "user": 14, "created": "2010-11-18 20:02:13"}}, {"pk": 11, "model": "core.commentresponse", "fields": {"comment": 7, "type": "concur", "user": 14, "created": "2010-11-18 20:40:10"}}, {"pk": 12, "model": "core.commentresponse", "fields": {"comment": 12, "type": "concur", "user": 14, "created": "2010-11-18 20:56:04"}}, {"pk": 13, "model": "core.commentresponse", "fields": {"comment": 10, "type": "concur", "user": 5, "created": "2010-11-19 14:11:57"}}, {"pk": 14, "model": "core.commentresponse", "fields": {"comment": 11, "type": "concur", "user": 5, "created": "2010-11-19 14:12:17"}}, {"pk": 15, "model": "core.commentresponse", "fields": {"comment": 12, "type": "concur", "user": 5, "created": "2010-11-19 14:22:21"}}, {"pk": 16, "model": "core.commentresponse", "fields": {"comment": 7, "type": "concur", "user": 17, "created": "2010-11-19 14:22:44"}}, {"pk": 17, "model": "core.commentresponse", "fields": {"comment": 3, "type": "concur", "user": 14, "created": "2010-11-19 14:48:13"}}, {"pk": 18, "model": "core.commentresponse", "fields": {"comment": 6, "type": "concur", "user": 14, "created": "2010-11-19 14:49:07"}}, {"pk": 19, "model": "core.commentresponse", "fields": {"comment": 7, "type": "concur", "user": 18, "created": "2010-11-19 14:51:01"}}, {"pk": 20, "model": "core.commentresponse", "fields": {"comment": 7, "type": "concur", "user": 20, "created": "2010-11-19 14:52:17"}}, {"pk": 21, "model": "core.commentresponse", "fields": {"comment": 6, "type": "concur", "user": 20, "created": "2010-11-19 14:52:33"}}, {"pk": 22, "model": "core.commentresponse", "fields": {"comment": 10, "type": "concur", "user": 20, "created": "2010-11-19 14:52:34"}}, {"pk": 23, "model": "core.commentresponse", "fields": {"comment": 7, "type": "concur", "user": 19, "created": "2010-11-19 14:52:36"}}, {"pk": 24, "model": "core.commentresponse", "fields": {"comment": 12, "type": "concur", "user": 20, "created": "2010-11-19 14:52:36"}}, {"pk": 25, "model": "core.commentresponse", "fields": {"comment": 11, "type": "concur", "user": 20, "created": "2010-11-19 14:52:42"}}, {"pk": 26, "model": "core.commentresponse", "fields": {"comment": 3, "type": "concur", "user": 20, "created": "2010-11-19 14:52:53"}}, {"pk": 27, "model": "core.commentresponse", "fields": {"comment": 7, "type": "concur", "user": 21, "created": "2010-11-19 14:53:41"}}, {"pk": 28, "model": "core.commentresponse", "fields": {"comment": 7, "type": "concur", "user": 23, "created": "2010-11-19 14:54:13"}}, {"pk": 29, "model": "core.commentresponse", "fields": {"comment": 7, "type": "concur", "user": 22, "created": "2010-11-19 14:54:13"}}, {"pk": 30, "model": "core.commentresponse", "fields": {"comment": 7, "type": "concur", "user": 24, "created": "2010-11-19 14:54:48"}}, {"pk": 31, "model": "core.commentresponse", "fields": {"comment": 7, "type": "concur", "user": 25, "created": "2010-11-19 14:54:56"}}, {"pk": 32, "model": "core.commentresponse", "fields": {"comment": 7, "type": "concur", "user": 27, "created": "2010-11-19 14:55:46"}}, {"pk": 33, "model": "core.commentresponse", "fields": {"comment": 7, "type": "concur", "user": 26, "created": "2010-11-19 14:55:54"}}, {"pk": 34, "model": "core.commentresponse", "fields": {"comment": 7, "type": "concur", "user": 28, "created": "2010-11-19 14:56:37"}}, {"pk": 35, "model": "core.commentresponse", "fields": {"comment": 7, "type": "concur", "user": 29, "created": "2010-11-19 14:57:34"}}, {"pk": 36, "model": "core.commentresponse", "fields": {"comment": 7, "type": "concur", "user": 30, "created": "2010-11-19 14:58:21"}}, {"pk": 37, "model": "core.commentresponse", "fields": {"comment": 7, "type": "concur", "user": 31, "created": "2010-11-19 14:58:51"}}, {"pk": 38, "model": "core.commentresponse", "fields": {"comment": 7, "type": "concur", "user": 32, "created": "2010-11-19 14:59:28"}}, {"pk": 39, "model": "core.commentresponse", "fields": {"comment": 6, "type": "concur", "user": 33, "created": "2010-12-07 18:02:44"}}, {"pk": 40, "model": "core.commentresponse", "fields": {"comment": 3, "type": "concur", "user": 33, "created": "2010-12-07 18:02:47"}}, {"pk": 41, "model": "core.commentresponse", "fields": {"comment": 7, "type": "concur", "user": 33, "created": "2010-12-07 18:02:50"}}, {"pk": 42, "model": "core.commentresponse", "fields": {"comment": 13, "type": "opinion", "user": 33, "created": "2010-12-07 18:09:44"}}, {"pk": 43, "model": "core.commentresponse", "fields": {"comment": 13, "type": "opinion", "user": 35, "created": "2010-12-07 18:10:18"}}, {"pk": 1, "model": "tagger.tag", "fields": {"name": "Northwestern"}}, {"pk": 1, "model": "clipper.article", "fields": {"date_published": null, "url": "http:/www.northwestern.edu/newscenter/stories/2006/05/economy.html", "title": "", "source": 1, "authors": [], "news_organization": 1, "tags": []}}, {"pk": 2, "model": "clipper.article", "fields": {"date_published": null, "url": "http:/lite.floodmagazine.com/", "title": "", "source": 1, "authors": [], "news_organization": 1, "tags": []}}, {"pk": 3, "model": "clipper.article", "fields": {"date_published": null, "url": "http:/www.matadorrecords.com/the_ponys/", "title": "", "source": 1, "authors": [], "news_organization": 1, "tags": []}}, {"pk": 5, "model": "clipper.article", "fields": {"date_published": null, "url": "http://www.dailynorthwestern.com/despite-evanston-efforts-ward-meeting-was-poorly-attended-by-students-1.2386879", "title": "", "source": 3, "authors": [], "news_organization": 3, "tags": []}}, {"pk": 7, "model": "clipper.article", "fields": {"date_published": null, "url": "http://www.nytimes.com/2010/11/19/nyregion/19detainees.html?_r=1&hp", "title": "", "source": 5, "authors": [], "news_organization": 5, "tags": []}}, {"pk": 4, "model": "clipper.article", "fields": {"date_published": "2006-05-18 16:22:52", "url": "http://www.northwestern.edu/newscenter/stories/2006/05/economy.html", "title": "Northwestern Boosts Evanston Economy by $145 M", "source": 2, "authors": [6], "news_organization": 2, "tags": [1]}}, {"pk": 6, "model": "clipper.article", "fields": {"date_published": "2010-10-15 16:24:33", "url": "http://evanston.patch.com/articles/northwestern-volunteers-help-bridge-town-gown-relations", "title": "Northwestern Volunteers Help Bridge Town-Gown Relations", "source": 4, "authors": [16], "news_organization": 4, "tags": [1]}}, {"pk": 8, "model": "clipper.article", "fields": {"date_published": null, "url": "http://www.evanstonroundtable.com/main.asp?Search=1&ArticleID=1770&SectionID=15&SubSectionID=26&S=1", "title": "Council Discusses Relations With Northwestern University - Evanston RoundTable - Evanston, IL", "source": 6, "authors": [15], "news_organization": 6, "tags": [1]}}, {"pk": 9, "model": "clipper.article", "fields": {"date_published": null, "url": "http://supreme.justia.com/us/99/309/", "title": "UNIVERSITY V. PEOPLE, 99 U. S. 309 :: Volume 99 :: 1878 :: US Supreme Court Cases from Justia &amp; Oyez", "source": 7, "authors": [34], "news_organization": 7, "tags": []}}, {"pk": 1, "model": "clipper.clip", "fields": {"tags": [], "text": "Northwestern University generates more than $145 million in revenues for the Evanston economy on a yearly basis, according to the first comprehensive economic impact study of its kind.\n\n", "user": 3, "date_created": "2010-11-09 11:34:15", "article": 4, "user_comments": "this is jjust a test"}}, {"pk": 2, "model": "clipper.clip", "fields": {"tags": [], "text": "Northwestern University generates more than $145 million in revenues for the Evanston economy on a yearly basis, according to the first comprehensive economic impact study of its kind.\n\nThe study examined revenues paid directly to the city by Northwestern and University-generated purchases at businesses.\n\nThe study by Bay Area Economics, a national urban economics consulting firm, analyzed information from the 2004 fiscal years of the University and City of Evanston.", "user": 1, "date_created": "2010-11-10 11:11:51", "article": 4, "user_comments": "This article talks about a study done in 2006 on the economic activity Northwestern generates in Evanston."}}, {"pk": 3, "model": "clipper.clip", "fields": {"tags": [], "text": "Marking the beginning of Dr. Schapiro\u2019s tenure at the University, Northwestern donated $550,000 for the City to purchase a new fire engine.", "user": 14, "date_created": "2010-11-18 20:25:46", "article": 8, "user_comments": "Here's something I found from 2009:"}}, {"pk": 4, "model": "clipper.clip", "fields": {"tags": [], "text": "With over 25 campus organizations dedicated to volunteering and community involvement, Northwestern is a huge volunteer force for Evanston and the greater Chicago area.  Natalie Furlett, student community service coordinator at the Center for Student Involvement at Northwestern estimates that, between students who engage in large service organizations like Northwestern Community Development Corps and Dance Marathon, those who work with smaller, specialized organizations like Special Olympics and those who engage with community service through their Greek affiliations, upwards of 75 percent of Northwestern students engage in community service. Much of that service is performed in Evanston.", "user": 14, "date_created": "2010-11-18 20:39:42", "article": 6, "user_comments": "Not the University directly, but lots of NU students are involved in community service activities."}}, {"pk": 5, "model": "clipper.clip", "fields": {"tags": [], "text": "The many partnerships between the City of Evanston and Northwestern University formed the basis of the City Council\u2019s discussion on the Council\u2019s \"Northwestern University\" goal on Nov. 23. The goal, City Manager Wally Bobkiewicz reminded Council members, was one with \"no particular parameters.\" ", "user": 1, "date_created": "2010-12-07 17:58:54", "article": 8, "user_comments": "look at this test"}}, {"pk": 6, "model": "clipper.clip", "fields": {"tags": [], "text": "A statute of Illinois passed in 1865 declares that all the property of the Northwestern University shall be for ever free from taxation. As construed by the assessors and by the supreme court of the state, a statute of 1872 conforming taxation to the new constitution of 1870 limited this exemption to land and other property in immediate use by the institution.", "user": 33, "date_created": "2010-12-07 18:02:08", "article": 9, "user_comments": "If it's about taxes, the issue goes back all the way to 1965, when the state passed the university's charter exempting it from taxes forever."}}, {"pk": 1, "model": "clipper.newsorganization", "fields": {"url": "http:/www.northwestern.edu/newscenter/stories/2006/05/economy.html", "name": "", "feed_url": "", "users": []}}, {"pk": 2, "model": "clipper.newsorganization", "fields": {"url": "http://www.northwestern.edu/newscenter/stories/2006/05/economy.html", "name": "www.northwestern.edu", "feed_url": "", "users": []}}, {"pk": 3, "model": "clipper.newsorganization", "fields": {"url": "http://www.dailynorthwestern.com/despite-evanston-efforts-ward-meeting-was-poorly-attended-by-students-1.2386879", "name": "www.dailynorthwestern.com", "feed_url": "", "users": []}}, {"pk": 4, "model": "clipper.newsorganization", "fields": {"url": "http://evanston.patch.com/articles/northwestern-volunteers-help-bridge-town-gown-relations", "name": "evanston.patch.com", "feed_url": "", "users": []}}, {"pk": 5, "model": "clipper.newsorganization", "fields": {"url": "http://www.nytimes.com/2010/11/19/nyregion/19detainees.html?_r=1&hp", "name": "www.nytimes.com", "feed_url": "", "users": []}}, {"pk": 6, "model": "clipper.newsorganization", "fields": {"url": "http://www.evanstonroundtable.com/main.asp?Search=1&ArticleID=1770&SectionID=15&SubSectionID=26&S=1", "name": "www.evanstonroundtable.com", "feed_url": "", "users": []}}, {"pk": 7, "model": "clipper.newsorganization", "fields": {"url": "http://supreme.justia.com/us/99/309/", "name": "supreme.justia.com", "feed_url": "", "users": []}}, {"pk": 1, "model": "users.userprofile", "fields": {"phone_number": "", "city": "", "reporter_verified": null, "zip": "", "dob": null, "facebook_user_id": "", "user_type": "R", "state": "", "user": 1, "is_verified": false, "street_address": ""}}, {"pk": 2, "model": "users.userprofile", "fields": {"phone_number": "", "city": "", "reporter_verified": null, "zip": "", "dob": null, "facebook_user_id": "", "user_type": "", "state": "", "user": 4, "is_verified": false, "street_address": ""}}, {"pk": 3, "model": "users.userprofile", "fields": {"phone_number": "", "city": "", "reporter_verified": null, "zip": "", "dob": null, "facebook_user_id": "", "user_type": "", "state": "", "user": 5, "is_verified": false, "street_address": ""}}, {"pk": 4, "model": "users.userprofile", "fields": {"phone_number": "", "city": "", "reporter_verified": null, "zip": "", "dob": null, "facebook_user_id": "", "user_type": "", "state": "", "user": 6, "is_verified": false, "street_address": ""}}, {"pk": 5, "model": "users.userprofile", "fields": {"phone_number": "", "city": "", "reporter_verified": null, "zip": "", "dob": null, "facebook_user_id": "", "user_type": "", "state": "", "user": 7, "is_verified": false, "street_address": ""}}, {"pk": 6, "model": "users.userprofile", "fields": {"phone_number": "", "city": "", "reporter_verified": null, "zip": "", "dob": null, "facebook_user_id": "", "user_type": "A", "state": "", "user": 8, "is_verified": false, "street_address": ""}}, {"pk": 7, "model": "users.userprofile", "fields": {"phone_number": "", "city": "", "reporter_verified": null, "zip": "", "dob": null, "facebook_user_id": "", "user_type": "", "state": "", "user": 9, "is_verified": false, "street_address": ""}}, {"pk": 8, "model": "users.userprofile", "fields": {"phone_number": "", "city": "", "reporter_verified": null, "zip": "", "dob": null, "facebook_user_id": "", "user_type": "", "state": "", "user": 10, "is_verified": false, "street_address": ""}}, {"pk": 9, "model": "users.userprofile", "fields": {"phone_number": "", "city": "", "reporter_verified": null, "zip": "", "dob": null, "facebook_user_id": "", "user_type": "", "state": "", "user": 11, "is_verified": false, "street_address": ""}}, {"pk": 10, "model": "users.userprofile", "fields": {"phone_number": "", "city": "", "reporter_verified": null, "zip": "", "dob": null, "facebook_user_id": "", "user_type": "", "state": "", "user": 12, "is_verified": false, "street_address": ""}}, {"pk": 11, "model": "users.userprofile", "fields": {"phone_number": "", "city": "", "reporter_verified": null, "zip": "", "dob": null, "facebook_user_id": "", "user_type": "", "state": "", "user": 13, "is_verified": false, "street_address": ""}}, {"pk": 12, "model": "users.userprofile", "fields": {"phone_number": "", "city": "", "reporter_verified": null, "zip": "", "dob": null, "facebook_user_id": "", "user_type": "", "state": "", "user": 14, "is_verified": false, "street_address": ""}}, {"pk": 13, "model": "users.userprofile", "fields": {"phone_number": "", "city": "", "reporter_verified": null, "zip": "", "dob": null, "facebook_user_id": "", "user_type": "", "state": "", "user": 15, "is_verified": false, "street_address": ""}}, {"pk": 14, "model": "users.userprofile", "fields": {"phone_number": "", "city": "", "reporter_verified": null, "zip": "", "dob": null, "facebook_user_id": "", "user_type": "", "state": "", "user": 16, "is_verified": false, "street_address": ""}}, {"pk": 15, "model": "users.userprofile", "fields": {"phone_number": "", "city": "", "reporter_verified": null, "zip": "", "dob": null, "facebook_user_id": "", "user_type": "A", "state": "", "user": 17, "is_verified": false, "street_address": ""}}, {"pk": 16, "model": "users.userprofile", "fields": {"phone_number": "", "city": "", "reporter_verified": null, "zip": "", "dob": null, "facebook_user_id": "", "user_type": "A", "state": "", "user": 18, "is_verified": false, "street_address": ""}}, {"pk": 17, "model": "users.userprofile", "fields": {"phone_number": "", "city": "", "reporter_verified": null, "zip": "", "dob": null, "facebook_user_id": "", "user_type": "", "state": "", "user": 19, "is_verified": false, "street_address": ""}}, {"pk": 18, "model": "users.userprofile", "fields": {"phone_number": "", "city": "", "reporter_verified": null, "zip": "", "dob": null, "facebook_user_id": "", "user_type": "", "state": "", "user": 20, "is_verified": false, "street_address": ""}}, {"pk": 19, "model": "users.userprofile", "fields": {"phone_number": "", "city": "", "reporter_verified": null, "zip": "", "dob": null, "facebook_user_id": "", "user_type": "", "state": "", "user": 21, "is_verified": false, "street_address": ""}}, {"pk": 20, "model": "users.userprofile", "fields": {"phone_number": "", "city": "", "reporter_verified": null, "zip": "", "dob": null, "facebook_user_id": "", "user_type": "", "state": "", "user": 22, "is_verified": false, "street_address": ""}}, {"pk": 21, "model": "users.userprofile", "fields": {"phone_number": "", "city": "", "reporter_verified": null, "zip": "", "dob": null, "facebook_user_id": "", "user_type": "", "state": "", "user": 23, "is_verified": false, "street_address": ""}}, {"pk": 22, "model": "users.userprofile", "fields": {"phone_number": "", "city": "", "reporter_verified": null, "zip": "", "dob": null, "facebook_user_id": "", "user_type": "", "state": "", "user": 24, "is_verified": false, "street_address": ""}}, {"pk": 23, "model": "users.userprofile", "fields": {"phone_number": "", "city": "", "reporter_verified": null, "zip": "", "dob": null, "facebook_user_id": "", "user_type": "", "state": "", "user": 25, "is_verified": false, "street_address": ""}}, {"pk": 24, "model": "users.userprofile", "fields": {"phone_number": "", "city": "", "reporter_verified": null, "zip": "", "dob": null, "facebook_user_id": "", "user_type": "", "state": "", "user": 26, "is_verified": false, "street_address": ""}}, {"pk": 25, "model": "users.userprofile", "fields": {"phone_number": "", "city": "", "reporter_verified": null, "zip": "", "dob": null, "facebook_user_id": "", "user_type": "", "state": "", "user": 27, "is_verified": false, "street_address": ""}}, {"pk": 26, "model": "users.userprofile", "fields": {"phone_number": "", "city": "", "reporter_verified": null, "zip": "", "dob": null, "facebook_user_id": "", "user_type": "", "state": "", "user": 28, "is_verified": false, "street_address": ""}}, {"pk": 27, "model": "users.userprofile", "fields": {"phone_number": "", "city": "", "reporter_verified": null, "zip": "", "dob": null, "facebook_user_id": "", "user_type": "", "state": "", "user": 29, "is_verified": false, "street_address": ""}}, {"pk": 28, "model": "users.userprofile", "fields": {"phone_number": "", "city": "", "reporter_verified": null, "zip": "", "dob": null, "facebook_user_id": "", "user_type": "", "state": "", "user": 30, "is_verified": false, "street_address": ""}}, {"pk": 29, "model": "users.userprofile", "fields": {"phone_number": "", "city": "", "reporter_verified": null, "zip": "", "dob": null, "facebook_user_id": "", "user_type": "", "state": "", "user": 31, "is_verified": false, "street_address": ""}}, {"pk": 30, "model": "users.userprofile", "fields": {"phone_number": "", "city": "", "reporter_verified": null, "zip": "", "dob": null, "facebook_user_id": "", "user_type": "", "state": "", "user": 32, "is_verified": false, "street_address": ""}}, {"pk": 31, "model": "users.userprofile", "fields": {"phone_number": "", "city": "", "reporter_verified": null, "zip": "", "dob": null, "facebook_user_id": "", "user_type": "", "state": "", "user": 33, "is_verified": false, "street_address": ""}}, {"pk": 32, "model": "users.userprofile", "fields": {"phone_number": "", "city": "", "reporter_verified": null, "zip": "", "dob": null, "facebook_user_id": "", "user_type": "", "state": "", "user": 34, "is_verified": false, "street_address": ""}}, {"pk": 33, "model": "users.userprofile", "fields": {"phone_number": "", "city": "", "reporter_verified": null, "zip": "", "dob": null, "facebook_user_id": "", "user_type": "", "state": "", "user": 35, "is_verified": false, "street_address": ""}}, {"pk": 34, "model": "users.userprofile", "fields": {"phone_number": "", "city": "", "reporter_verified": null, "zip": "", "dob": null, "facebook_user_id": "", "user_type": "A", "state": "", "user": 36, "is_verified": false, "street_address": ""}}, {"pk": 35, "model": "users.userprofile", "fields": {"phone_number": "", "city": "", "reporter_verified": null, "zip": "", "dob": null, "facebook_user_id": "", "user_type": "", "state": "", "user": 37, "is_verified": false, "street_address": ""}}, {"pk": 1, "model": "core.comment", "fields": {"is_deleted": true, "comment_type": 1, "is_parent": true, "tags": [], "text": "test", "topics": [1], "sites": [], "clips": [], "sources": [], "user": 1, "date_created": "2010-11-09 09:42:28"}}, {"pk": 3, "model": "core.comment", "fields": {"is_deleted": false, "comment_type": 1, "is_parent": true, "tags": [], "text": "Is there any proof that the university benefits the local economy?", "topics": [1], "sites": [], "clips": [], "sources": [], "user": 1, "date_created": "2010-11-09 10:55:01"}}, {"pk": 2, "model": "core.comment", "fields": {"is_deleted": true, "comment_type": 1, "is_parent": true, "tags": [], "text": "What proof is there that the university benefits the local economy?", "topics": [1], "sites": [], "clips": [], "sources": [], "user": 1, "date_created": "2010-11-09 09:54:55"}}, {"pk": 4, "model": "core.comment", "fields": {"is_deleted": true, "comment_type": 1, "is_parent": true, "tags": [], "text": "Aside from the supposed benefits for Evanston businesses, does the University do anything else to benefit Evanston or its residents? ", "topics": [1], "sites": [], "clips": [], "sources": [], "user": 1, "date_created": "2010-11-09 10:57:42"}}, {"pk": 6, "model": "core.comment", "fields": {"is_deleted": false, "comment_type": 1, "is_parent": true, "tags": [], "text": "Aside from the supposed benefits for Evanston businesses, what else does the University do to benefit Evanston or its residents?", "topics": [1], "sites": [], "clips": [], "sources": [], "user": 1, "date_created": "2010-11-09 11:00:10"}}, {"pk": 5, "model": "core.comment", "fields": {"is_deleted": true, "comment_type": 1, "is_parent": true, "tags": [], "text": "Is there any financial damage done to the community as a result of Northwestern students? If so, how much?", "topics": [1], "sites": [], "clips": [], "sources": [], "user": 1, "date_created": "2010-11-09 10:59:41"}}, {"pk": 7, "model": "core.comment", "fields": {"is_deleted": false, "comment_type": 1, "is_parent": true, "tags": [], "text": "How much financial damage is done to the community per year as a result of Northwestern students and their parties? ", "topics": [1], "sites": [], "clips": [], "sources": [], "user": 1, "date_created": "2010-11-09 11:01:23"}}, {"pk": 8, "model": "core.comment", "fields": {"is_deleted": true, "comment_type": 1, "is_parent": true, "tags": [], "text": "this is jjust a test", "topics": [1], "sites": [], "clips": [1], "sources": [], "user": 3, "date_created": "2010-11-09 11:34:15"}}, {"pk": 9, "model": "core.comment", "fields": {"is_deleted": false, "comment_type": 1, "is_parent": true, "tags": [], "text": "This article talks about a study done in 2006 on the economic activity Northwestern generates in Evanston.", "topics": [1], "sites": [], "clips": [2], "sources": [], "user": 1, "date_created": "2010-11-10 11:11:51"}}, {"pk": 10, "model": "core.comment", "fields": {"is_deleted": false, "comment_type": 1, "is_parent": true, "tags": [], "text": "Here's something I found from 2009:", "topics": [1], "sites": [], "clips": [3], "sources": [], "user": 14, "date_created": "2010-11-18 20:25:46"}}, {"pk": 11, "model": "core.comment", "fields": {"is_deleted": false, "comment_type": 1, "is_parent": true, "tags": [], "text": "Not the University directly, but lots of NU students are involved in community service activities.", "topics": [1], "sites": [], "clips": [4], "sources": [], "user": 14, "date_created": "2010-11-18 20:39:42"}}, {"pk": 12, "model": "core.comment", "fields": {"is_deleted": false, "comment_type": 1, "is_parent": true, "tags": [], "text": "When did these town/gown issues start? Has this tension been around for 50 years? 100 years? Longer than that?", "topics": [1], "sites": [], "clips": [], "sources": [], "user": 14, "date_created": "2010-11-18 20:55:54"}}, {"pk": 13, "model": "core.comment", "fields": {"is_deleted": false, "comment_type": 1, "is_parent": true, "tags": [], "text": "look at this test", "topics": [1], "sites": [], "clips": [5], "sources": [], "user": 1, "date_created": "2010-12-07 17:58:54"}}, {"pk": 14, "model": "core.comment", "fields": {"is_deleted": false, "comment_type": 1, "is_parent": true, "tags": [], "text": "If it's about taxes, the issue goes back all the way to 1965, when the state passed the university's charter exempting it from taxes forever.", "topics": [1], "sites": [], "clips": [6], "sources": [], "user": 33, "date_created": "2010-12-07 18:02:08"}}, {"pk": 22, "model": "auth.permission", "fields": {"codename": "add_logentry", "name": "Can add log entry", "content_type": 8}}, {"pk": 23, "model": "auth.permission", "fields": {"codename": "change_logentry", "name": "Can change log entry", "content_type": 8}}, {"pk": 24, "model": "auth.permission", "fields": {"codename": "delete_logentry", "name": "Can delete log entry", "content_type": 8}}, {"pk": 4, "model": "auth.permission", "fields": {"codename": "add_group", "name": "Can add group", "content_type": 2}}, {"pk": 5, "model": "auth.permission", "fields": {"codename": "change_group", "name": "Can change group", "content_type": 2}}, {"pk": 6, "model": "auth.permission", "fields": {"codename": "delete_group", "name": "Can delete group", "content_type": 2}}, {"pk": 10, "model": "auth.permission", "fields": {"codename": "add_message", "name": "Can add message", "content_type": 4}}, {"pk": 11, "model": "auth.permission", "fields": {"codename": "change_message", "name": "Can change message", "content_type": 4}}, {"pk": 12, "model": "auth.permission", "fields": {"codename": "delete_message", "name": "Can delete message", "content_type": 4}}, {"pk": 1, "model": "auth.permission", "fields": {"codename": "add_permission", "name": "Can add permission", "content_type": 1}}, {"pk": 2, "model": "auth.permission", "fields": {"codename": "change_permission", "name": "Can change permission", "content_type": 1}}, {"pk": 3, "model": "auth.permission", "fields": {"codename": "delete_permission", "name": "Can delete permission", "content_type": 1}}, {"pk": 7, "model": "auth.permission", "fields": {"codename": "add_user", "name": "Can add user", "content_type": 3}}, {"pk": 8, "model": "auth.permission", "fields": {"codename": "change_user", "name": "Can change user", "content_type": 3}}, {"pk": 9, "model": "auth.permission", "fields": {"codename": "delete_user", "name": "Can delete user", "content_type": 3}}, {"pk": 34, "model": "auth.permission", "fields": {"codename": "add_article", "name": "Can add article", "content_type": 12}}, {"pk": 35, "model": "auth.permission", "fields": {"codename": "change_article", "name": "Can change article", "content_type": 12}}, {"pk": 36, "model": "auth.permission", "fields": {"codename": "delete_article", "name": "Can delete article", "content_type": 12}}, {"pk": 37, "model": "auth.permission", "fields": {"codename": "add_clip", "name": "Can add clip", "content_type": 13}}, {"pk": 38, "model": "auth.permission", "fields": {"codename": "change_clip", "name": "Can change clip", "content_type": 13}}, {"pk": 39, "model": "auth.permission", "fields": {"codename": "delete_clip", "name": "Can delete clip", "content_type": 13}}, {"pk": 40, "model": "auth.permission", "fields": {"codename": "add_newsorganization", "name": "Can add news organization", "content_type": 14}}, {"pk": 41, "model": "auth.permission", "fields": {"codename": "change_newsorganization", "name": "Can change news organization", "content_type": 14}}, {"pk": 42, "model": "auth.permission", "fields": {"codename": "delete_newsorganization", "name": "Can delete news organization", "content_type": 14}}, {"pk": 13, "model": "auth.permission", "fields": {"codename": "add_contenttype", "name": "Can add content type", "content_type": 5}}, {"pk": 14, "model": "auth.permission", "fields": {"codename": "change_contenttype", "name": "Can change content type", "content_type": 5}}, {"pk": 15, "model": "auth.permission", "fields": {"codename": "delete_contenttype", "name": "Can delete content type", "content_type": 5}}, {"pk": 49, "model": "auth.permission", "fields": {"codename": "add_comment", "name": "Can add comment", "content_type": 17}}, {"pk": 50, "model": "auth.permission", "fields": {"codename": "change_comment", "name": "Can change comment", "content_type": 17}}, {"pk": 51, "model": "auth.permission", "fields": {"codename": "delete_comment", "name": "Can delete comment", "content_type": 17}}, {"pk": 55, "model": "auth.permission", "fields": {"codename": "add_commentrelation", "name": "Can add comment relation", "content_type": 19}}, {"pk": 56, "model": "auth.permission", "fields": {"codename": "change_commentrelation", "name": "Can change comment relation", "content_type": 19}}, {"pk": 57, "model": "auth.permission", "fields": {"codename": "delete_commentrelation", "name": "Can delete comment relation", "content_type": 19}}, {"pk": 58, "model": "auth.permission", "fields": {"codename": "add_commentresponse", "name": "Can add comment response", "content_type": 20}}, {"pk": 59, "model": "auth.permission", "fields": {"codename": "change_commentresponse", "name": "Can change comment response", "content_type": 20}}, {"pk": 60, "model": "auth.permission", "fields": {"codename": "delete_commentresponse", "name": "Can delete comment response", "content_type": 20}}, {"pk": 52, "model": "auth.permission", "fields": {"codename": "add_commenttype", "name": "Can add comment type", "content_type": 18}}, {"pk": 53, "model": "auth.permission", "fields": {"codename": "change_commenttype", "name": "Can change comment type", "content_type": 18}}, {"pk": 54, "model": "auth.permission", "fields": {"codename": "delete_commenttype", "name": "Can delete comment type", "content_type": 18}}, {"pk": 43, "model": "auth.permission", "fields": {"codename": "add_summary", "name": "Can add summary", "content_type": 15}}, {"pk": 44, "model": "auth.permission", "fields": {"codename": "change_summary", "name": "Can change summary", "content_type": 15}}, {"pk": 45, "model": "auth.permission", "fields": {"codename": "delete_summary", "name": "Can delete summary", "content_type": 15}}, {"pk": 46, "model": "auth.permission", "fields": {"codename": "add_topic", "name": "Can add topic", "content_type": 16}}, {"pk": 47, "model": "auth.permission", "fields": {"codename": "change_topic", "name": "Can change topic", "content_type": 16}}, {"pk": 48, "model": "auth.permission", "fields": {"codename": "delete_topic", "name": "Can delete topic", "content_type": 16}}, {"pk": 16, "model": "auth.permission", "fields": {"codename": "add_session", "name": "Can add session", "content_type": 6}}, {"pk": 17, "model": "auth.permission", "fields": {"codename": "change_session", "name": "Can change session", "content_type": 6}}, {"pk": 18, "model": "auth.permission", "fields": {"codename": "delete_session", "name": "Can delete session", "content_type": 6}}, {"pk": 19, "model": "auth.permission", "fields": {"codename": "add_site", "name": "Can add site", "content_type": 7}}, {"pk": 20, "model": "auth.permission", "fields": {"codename": "change_site", "name": "Can change site", "content_type": 7}}, {"pk": 21, "model": "auth.permission", "fields": {"codename": "delete_site", "name": "Can delete site", "content_type": 7}}, {"pk": 25, "model": "auth.permission", "fields": {"codename": "add_migrationhistory", "name": "Can add migration history", "content_type": 9}}, {"pk": 26, "model": "auth.permission", "fields": {"codename": "change_migrationhistory", "name": "Can change migration history", "content_type": 9}}, {"pk": 27, "model": "auth.permission", "fields": {"codename": "delete_migrationhistory", "name": "Can delete migration history", "content_type": 9}}, {"pk": 31, "model": "auth.permission", "fields": {"codename": "add_tag", "name": "Can add tag", "content_type": 11}}, {"pk": 32, "model": "auth.permission", "fields": {"codename": "change_tag", "name": "Can change tag", "content_type": 11}}, {"pk": 33, "model": "auth.permission", "fields": {"codename": "delete_tag", "name": "Can delete tag", "content_type": 11}}, {"pk": 28, "model": "auth.permission", "fields": {"codename": "add_userprofile", "name": "Can add user profile", "content_type": 10}}, {"pk": 29, "model": "auth.permission", "fields": {"codename": "change_userprofile", "name": "Can change user profile", "content_type": 10}}, {"pk": 30, "model": "auth.permission", "fields": {"codename": "delete_userprofile", "name": "Can delete user profile", "content_type": 10}}, {"pk": 17, "model": "auth.user", "fields": {"username": "City Council", "first_name": "City", "last_name": "Council", "is_active": true, "is_superuser": false, "is_staff": false, "last_login": "2010-11-18 20:25:46", "groups": [], "user_permissions": [], "password": "!", "email": "na", "date_joined": "2010-11-18 20:25:46"}}, {"pk": 18, "model": "auth.user", "fields": {"username": "Jessica Rudis", "first_name": "Jessica", "last_name": "Rudis", "is_active": true, "is_superuser": false, "is_staff": false, "last_login": "2010-11-18 20:39:42", "groups": [], "user_permissions": [], "password": "!", "email": "na", "date_joined": "2010-11-18 20:39:42"}}, {"pk": 2, "model": "auth.user", "fields": {"username": "shane", "first_name": "", "last_name": "", "is_active": true, "is_superuser": true, "is_staff": true, "last_login": "2010-11-08 23:20:10", "groups": [], "user_permissions": [], "password": "sha1$48216$dc4d644e0c1dd34360f653843afc11c2ad13e3be", "email": "shifflett.shane@gmail.com", "date_joined": "2010-11-08 23:20:06"}}, {"pk": 19, "model": "auth.user", "fields": {"username": "faker", "first_name": "", "last_name": "", "is_active": true, "is_superuser": false, "is_staff": false, "last_login": "2010-11-19 14:22:40", "groups": [], "user_permissions": [], "password": "sha1$0562f$84061f12205c4570b6364abfaa3d927b15a951ff", "email": "", "date_joined": "2010-11-19 14:22:36"}}, {"pk": 4, "model": "auth.user", "fields": {"username": "x", "first_name": "", "last_name": "", "is_active": true, "is_superuser": false, "is_staff": false, "last_login": "2010-11-08 23:36:41", "groups": [], "user_permissions": [], "password": "sha1$18de2$637077a588aa35be60077e4ae3b7ecffc070a87b", "email": "", "date_joined": "2010-11-08 23:36:33"}}, {"pk": 3, "model": "auth.user", "fields": {"username": "shaneshi", "first_name": "", "last_name": "", "is_active": true, "is_superuser": false, "is_staff": false, "last_login": "2010-11-08 23:37:12", "groups": [], "user_permissions": [], "password": "sha1$ca255$7a1c95ce7d765125c0cc4f307d286e35548f5bbb", "email": "", "date_joined": "2010-11-08 23:28:05"}}, {"pk": 20, "model": "auth.user", "fields": {"username": "kevinshalvey", "first_name": "", "last_name": "", "is_active": true, "is_superuser": false, "is_staff": false, "last_login": "2010-11-19 14:50:51", "groups": [], "user_permissions": [], "password": "sha1$a709e$e84b37406e5f598614f43181015055801657f004", "email": "", "date_joined": "2010-11-19 14:50:37"}}, {"pk": 33, "model": "auth.user", "fields": {"username": "jordanturgeon8", "first_name": "", "last_name": "", "is_active": true, "is_superuser": false, "is_staff": false, "last_login": "2010-11-19 14:58:47", "groups": [], "user_permissions": [], "password": "sha1$80552$01a91ed5be8eef1ccc43ab04e106ae74f1fd4054", "email": "", "date_joined": "2010-11-19 14:58:41"}}, {"pk": 6, "model": "auth.user", "fields": {"username": "Jasonshough", "first_name": "Jason", "last_name": "Shough", "is_active": true, "is_superuser": false, "is_staff": false, "last_login": "2010-11-09 09:55:50", "groups": [], "user_permissions": [], "password": "sha1$a8690$7211a9edad67b55f3ef05d078cccdadb273b5b40", "email": "", "date_joined": "2010-11-09 09:55:50"}}, {"pk": 21, "model": "auth.user", "fields": {"username": "spencerrinkus", "first_name": "", "last_name": "", "is_active": true, "is_superuser": false, "is_staff": false, "last_login": "2010-11-19 14:52:09", "groups": [], "user_permissions": [], "password": "sha1$eaa0b$973bea3b9795add3ea27971b8e96820a12f1f333", "email": "", "date_joined": "2010-11-19 14:51:38"}}, {"pk": 7, "model": "auth.user", "fields": {"username": "tanveer", "first_name": "", "last_name": "", "is_active": true, "is_superuser": false, "is_staff": false, "last_login": "2010-11-09 10:03:42", "groups": [], "user_permissions": [], "password": "sha1$d6ace$2afb9705f4e6bd7107fd8f83229407048d57d3e8", "email": "", "date_joined": "2010-11-09 10:03:42"}}, {"pk": 22, "model": "auth.user", "fields": {"username": "FaKalman", "first_name": "", "last_name": "", "is_active": true, "is_superuser": false, "is_staff": false, "last_login": "2010-11-19 14:52:09", "groups": [], "user_permissions": [], "password": "sha1$f776f$a2c65b50baa4cb94fad2b1ba589309af7dcc5ba9", "email": "", "date_joined": "2010-11-19 14:51:41"}}, {"pk": 8, "model": "auth.user", "fields": {"username": "NewsCenter Study", "first_name": "NewsCenter", "last_name": "Study", "is_active": true, "is_superuser": false, "is_staff": false, "last_login": "2010-11-09 11:34:15", "groups": [], "user_permissions": [], "password": "!", "email": "na", "date_joined": "2010-11-09 11:34:15"}}, {"pk": 23, "model": "auth.user", "fields": {"username": "boo", "first_name": "", "last_name": "", "is_active": true, "is_superuser": false, "is_staff": false, "last_login": "2010-11-19 14:53:38", "groups": [], "user_permissions": [], "password": "sha1$f71f1$acb4fa07fa2b1cbf4d8b261a8979cde3b39b6dec", "email": "", "date_joined": "2010-11-19 14:52:59"}}, {"pk": 34, "model": "auth.user", "fields": {"username": "jordanturgeon9", "first_name": "", "last_name": "", "is_active": true, "is_superuser": false, "is_staff": false, "last_login": "2010-11-19 14:59:22", "groups": [], "user_permissions": [], "password": "sha1$11c6f$6783496a14f744cbd02ff22e4539be6a6818f3ea", "email": "", "date_joined": "2010-11-19 14:59:15"}}, {"pk": 10, "model": "auth.user", "fields": {"username": "SpencerRinkus", "first_name": "", "last_name": "", "is_active": true, "is_superuser": false, "is_staff": false, "last_login": "2010-11-10 11:43:49", "groups": [], "user_permissions": [], "password": "sha1$410a7$4bcdf14d0b3cca89ae2032edcc3c202f3b9c429e", "email": "", "date_joined": "2010-11-10 11:43:30"}}, {"pk": 24, "model": "auth.user", "fields": {"username": "jordanturgeon2", "first_name": "", "last_name": "", "is_active": true, "is_superuser": false, "is_staff": false, "last_login": "2010-11-19 14:53:50", "groups": [], "user_permissions": [], "password": "sha1$8dff0$0b2cb062dde2f1e40d891c61bdb9137163c93617", "email": "", "date_joined": "2010-11-19 14:53:42"}}, {"pk": 12, "model": "auth.user", "fields": {"username": "Coffetester", "first_name": "", "last_name": "", "is_active": true, "is_superuser": false, "is_staff": false, "last_login": "2010-11-10 12:23:58", "groups": [], "user_permissions": [], "password": "sha1$7bea2$c22817f93b2e32adf5c66ba841b2fb852d05b561", "email": "", "date_joined": "2010-11-10 12:23:58"}}, {"pk": 13, "model": "auth.user", "fields": {"username": "tester", "first_name": "", "last_name": "", "is_active": true, "is_superuser": false, "is_staff": false, "last_login": "2010-11-10 12:26:59", "groups": [], "user_permissions": [], "password": "sha1$a4a81$1173ee1a195d4933d85422c65c1c8d32212a6ccf", "email": "", "date_joined": "2010-11-10 12:26:45"}}, {"pk": 25, "model": "auth.user", "fields": {"username": "burnme", "first_name": "", "last_name": "", "is_active": true, "is_superuser": false, "is_staff": false, "last_login": "2010-11-19 14:54:05", "groups": [], "user_permissions": [], "password": "sha1$d62ae$29c8407a7ec74e96cda661e46f8b283a8cc5a7bb", "email": "", "date_joined": "2010-11-19 14:54:00"}}, {"pk": 11, "model": "auth.user", "fields": {"username": "testshane", "first_name": "", "last_name": "", "is_active": true, "is_superuser": false, "is_staff": false, "last_login": "2010-11-10 19:29:45", "groups": [], "user_permissions": [], "password": "sha1$c654d$c860379eaf33c5fe1ac6914cadf0ceabdddc4fbc", "email": "", "date_joined": "2010-11-10 11:56:22"}}, {"pk": 14, "model": "auth.user", "fields": {"username": "YoungOwen", "first_name": "", "last_name": "", "is_active": true, "is_superuser": false, "is_staff": false, "last_login": "2010-11-16 09:50:57", "groups": [], "user_permissions": [], "password": "sha1$b9d13$8e46b7d1ea41013238c47338cb92e90fa409b981", "email": "", "date_joined": "2010-11-16 09:49:44"}}, {"pk": 5, "model": "auth.user", "fields": {"username": "shaney", "first_name": "", "last_name": "", "is_active": true, "is_superuser": false, "is_staff": false, "last_login": "2010-12-07 16:10:05", "groups": [], "user_permissions": [], "password": "sha1$522d9$d8f816ae43731da386d8c621ec932cd978735222", "email": "", "date_joined": "2010-11-08 23:38:42"}}, {"pk": 15, "model": "auth.user", "fields": {"username": "JohnYoo", "first_name": "", "last_name": "", "is_active": true, "is_superuser": false, "is_staff": false, "last_login": "2010-11-18 09:52:22", "groups": [], "user_permissions": [], "password": "sha1$49048$67683e1a87e027c94a1ddea9cc5ac3e73b18dca1", "email": "", "date_joined": "2010-11-18 09:46:13"}}, {"pk": 9, "model": "auth.user", "fields": {"username": "emilydresslar", "first_name": "", "last_name": "", "is_active": true, "is_superuser": false, "is_staff": false, "last_login": "2010-11-18 17:33:48", "groups": [], "user_permissions": [], "password": "sha1$c8aeb$9f4a0175adde9175a1ea4cb9cf248e6295f706e2", "email": "", "date_joined": "2010-11-09 14:11:38"}}, {"pk": 16, "model": "auth.user", "fields": {"username": "jordanturgeon", "first_name": "", "last_name": "", "is_active": true, "is_superuser": false, "is_staff": false, "last_login": "2010-11-18 20:01:53", "groups": [], "user_permissions": [], "password": "sha1$0d314$677943931299fe53c8d457659d6656d1044e898e", "email": "", "date_joined": "2010-11-18 20:01:32"}}, {"pk": 26, "model": "auth.user", "fields": {"username": "burninator", "first_name": "", "last_name": "", "is_active": true, "is_superuser": false, "is_staff": false, "last_login": "2010-11-19 14:54:45", "groups": [], "user_permissions": [], "password": "sha1$0b1d1$5e9a4b85922c5c9db68c4e225dd5273110c16b8b", "email": "", "date_joined": "2010-11-19 14:54:39"}}, {"pk": 27, "model": "auth.user", "fields": {"username": "jordanturgeon3", "first_name": "", "last_name": "", "is_active": true, "is_superuser": false, "is_staff": false, "last_login": "2010-11-19 14:54:51", "groups": [], "user_permissions": [], "password": "sha1$85cba$b5224097a4d237da9af1f48ce0e878b55cacabb3", "email": "", "date_joined": "2010-11-19 14:54:44"}}, {"pk": 35, "model": "auth.user", "fields": {"username": "stanevans", "first_name": "", "last_name": "", "is_active": true, "is_superuser": false, "is_staff": false, "last_login": "2010-12-07 17:56:50", "groups": [], "user_permissions": [], "password": "sha1$af17f$98ce6884e9ee14f1c81f1cfc858bc4b256d87434", "email": "", "date_joined": "2010-12-07 17:56:27"}}, {"pk": 28, "model": "auth.user", "fields": {"username": "jordanturgeon4", "first_name": "", "last_name": "", "is_active": true, "is_superuser": false, "is_staff": false, "last_login": "2010-11-19 14:55:42", "groups": [], "user_permissions": [], "password": "sha1$3afca$ec1fa0e1c10f062cb56b2e295477e33d12f0acb2", "email": "", "date_joined": "2010-11-19 14:55:35"}}, {"pk": 29, "model": "auth.user", "fields": {"username": "harrypotter", "first_name": "", "last_name": "", "is_active": true, "is_superuser": false, "is_staff": false, "last_login": "2010-11-19 14:55:44", "groups": [], "user_permissions": [], "password": "sha1$f3ed4$1fe283716f52c6962ce1406cb1834b9c1ec42d1c", "email": "", "date_joined": "2010-11-19 14:55:38"}}, {"pk": 1, "model": "auth.user", "fields": {"username": "admin", "first_name": "", "last_name": "", "is_active": true, "is_superuser": true, "is_staff": true, "last_login": "2010-12-07 17:58:16", "groups": [], "user_permissions": [], "password": "sha1$9372d$ec71f93d6749951c14c3ce777c678c11d7ce4a48", "email": "localfourth@gmail.com", "date_joined": "2010-11-08 10:21:12"}}, {"pk": 30, "model": "auth.user", "fields": {"username": "jordanturgeon5", "first_name": "", "last_name": "", "is_active": true, "is_superuser": false, "is_staff": false, "last_login": "2010-11-19 14:56:30", "groups": [], "user_permissions": [], "password": "sha1$59c28$6dddaea901764270d3f9635b2d3a73a82ee28298", "email": "", "date_joined": "2010-11-19 14:56:24"}}, {"pk": 31, "model": "auth.user", "fields": {"username": "jordanturgeon6", "first_name": "", "last_name": "", "is_active": true, "is_superuser": false, "is_staff": false, "last_login": "2010-11-19 14:57:25", "groups": [], "user_permissions": [], "password": "sha1$dd729$59ea4ffa32f2a9375b0e886a1ff8fc60f2db8bd1", "email": "", "date_joined": "2010-11-19 14:57:18"}}, {"pk": 36, "model": "auth.user", "fields": {"username": "", "first_name": "", "last_name": "", "is_active": true, "is_superuser": false, "is_staff": false, "last_login": "2010-12-07 18:02:08", "groups": [], "user_permissions": [], "password": "!", "email": "na", "date_joined": "2010-12-07 18:02:08"}}, {"pk": 32, "model": "auth.user", "fields": {"username": "jordanturgeon7", "first_name": "", "last_name": "", "is_active": true, "is_superuser": false, "is_staff": false, "last_login": "2010-11-19 14:58:17", "groups": [], "user_permissions": [], "password": "sha1$f8907$55deae786eae0a05b5ead06c1474ee808949ae23", "email": "", "date_joined": "2010-11-19 14:58:11"}}, {"pk": 37, "model": "auth.user", "fields": {"username": "pattypowers", "first_name": "", "last_name": "", "is_active": true, "is_superuser": false, "is_staff": false, "last_login": "2010-12-07 18:10:10", "groups": [], "user_permissions": [], "password": "sha1$231f9$2698baf7a278a0d39bfdde56c9163178b2368790", "email": "", "date_joined": "2010-12-07 18:10:04"}}]